RowIndex,Meteorology_Total,SMG_Total,Meteorology_ObjectNames,SMG_ObjectNames,Meteorology_Makers,SMG_Makers,Meteorology_organisations/institutions,SMG_organisations/institutions,Meteorology_Dates,SMG_Dates,Meteorology_Places,SMG_Places,Meteorology_Descriptions,SMG_Descriptions,Meteorology_Other,SMG_Other,Unique_to_Meteorology,Unique_to_SMG
0,15,9,1,1,1,0,0,1,1,1,4,1,7,3,1,2,"{""object_names"": [""SPECIMENS OF COTTON""], ""makers"": [""W. S. Murphy, Esq.""], ""organisations/institutions"": [], ""dates"": [""1914""], ""places"": [""Indian cotton"", ""Broach"", ""Dharwar"", ""Oomrawattee"", ""Tinnivelly"", ""West African cotton""], ""descriptions"": [""cotton plant (natural order *Malvacea*, genus *Gossypium*)"", ""widely distributed throughout the world between latitudes 40 degs. N. and 30 degs. S."", ""requires for its best development, as for its finest spinning, a moist and warm atmosphere."", ""fibre when matured becomes flattened, and has a helical twist amounting to as many turns as 180 to the inch."", ""of great importance in the operations of spinning."", ""The finer the fibre the more it is twisted, and the finer the yarn that can be spun from it. and the smooth for weft."", ""Indian cotton (Broach, Dharwar, Oomrawattee, Tinnivelly, etc.) is fairly strong but varies considerably in the different provinces, in some of which the heat is too great for a good development of the plant."", ""The staple varies from 0.4 in. to 1 in., diam. 0.00083 in."", ""Useful only for coarse yarns up to 36's and chiefly for warp."", ""West African cotton is small in quantity and harsh, but of good colour."", ""Staple 1 in., diam. 0.00083 in."", ""It will spin warps up to 40's counts.""], ""other"": [""Inv. 1914-112""]}","{""object_names"": [""Cotton Staples""], ""makers"": [], ""organisations/institutions"": [""Science Museum Group""], ""dates"": [""1900-1914""], ""places"": [""Unknown place""], ""descriptions"": [""Twenty four specimens of prepared staples of cottons"", ""mounted on card"", ""within two wooden and glass cases""], ""other"": [""Textiles Machinery sample"", ""Unknown maker""]}"
1,11,10,1,1,2,1,1,1,1,2,0,1,4,2,2,2,"{""object_names"": [], ""makers"": [""Daniel Bourn""], ""organisations/institutions"": [""Meteorology Catalogue""], ""dates"": [""1775""], ""places"": [], ""descriptions"": [""This machine, made by Sir Richard Arkwright about the year 1775, is very similar to the cylindrical carding engine invented and constructed by Daniel Bourn, of Leominster, in 1748. The object of the machine is to remove from the cotton any fragments of leaves, seeds, etc., and also to straighten out the fibres by a combing action. This is accomplished by small wire teeth fixed in leather strips upon three cylinders. The cylinders are arranged horizontally with their axes parallel, and by bands are rotated at different speeds.""], ""other"": [""Plate I., No. 6"", ""Inv. 1860-7. 21,747, L.S.""]}","{""object_names"": [], ""makers"": [], ""organisations/institutions"": [""Science Museum Group Collections Online""], ""dates"": [""1771-1780""], ""places"": [""Cromford Mill, Derbyshire""], ""descriptions"": [""Textiles Machinery carding; carding""], ""other"": [""Arkwright, Richard, Sir, 1732-1792""]}"
2,26,9,1,1,1,1,0,0,2,2,1,1,19,2,2,2,"{""object_names"": [], ""makers"": [""W. Horsfall, Esq.""], ""organisations/institutions"": [], ""dates"": [""1860""], ""places"": [], ""descriptions"": [""cutting, bending, and inserting the wire in the cards used in the preparation of cotton"", ""previously these tedious operations had always been done by hand"", ""Kay was the first to make a machine to perform the work"", ""card-making machines did not, however, come into general use till 50 years later, when Amos Whittmore introduced an improved form"", ""card clothing, which consisted of cotton or linen cloth with a backing of leather"", ""fixed in two vertical stretching-frames, each capable of sliding vertically in an outer frame, which could move horizontally along the length of the bed"", ""a duplex machine, two cards being simultaneously prepared, one in each frame"", ""main shaft is horizontal"", ""various cams, by which the following operations are performed, are fixed along its length at different points"", ""wire is led along parallel to the shaft"", ""operations performed by the mechanism are :\u2014 (a) Feeding on a given length of wire. (b) Gripping the length of wire which has been fed on. (c) Pricking holes in the card clothing. (d) Cutting off a length of wire. (e) Bending it into a staple. (f) Pushing the staple forward and bending its legs to give the proper set. (g) Pushing the staple into its place in the cloth. (h) Moving the stretching-frame into position for the next staple"", ""first movement is performed by a jointed frame between two bars of which the wire passes, the arrangement being driven intermittently by a peg on the shaft, and the wire nipped during the forward motion"", ""holes are pricked in the cloth by piercers fixed at the ends of two levers which swing about joints below; they have a quick motion forward and then fall back again"", ""cutting is done by a shear blade moving over a plane face through which the wire passes"", ""When forming the staple, the cut length of wire is held between an arm, which swings vertically at right angles to the main axis, and a steel spring"", ""arm is moved upward and enters a recess in the fixed cover plate just wide enough to admit the arm and the wire, so that the latter receives two short bends and becomes a staple"", ""part of the arm which slides upon it is pushed forward and carries the staple with it, but the legs being caught in two inclined grooves at the side are bent and so receive the necessary set"", ""steel spring, which is thickened at the end, slides further forward than the rest of the sliding piece, and pushes the staple into its place in the cloth"", ""horizontal feed is given, after each staple has been inserted, by a lever which engages with a rack fixed to the stretching-frames"", ""vertical feed is given when the end of each row of staples is reached, an arm on the shaft striking a tooth on a star wheel fixed to a pinion which engages with the teeth of a vertical rack at the back of the frame""], ""other"": [""Inv. 1860-8"", ""21,925, L.S.""]}","{""object_names"": [], ""makers"": [""Unknown maker""], ""organisations/institutions"": [], ""dates"": [], ""places"": [""Lancashire, England, United Kingdom""], ""descriptions"": [""Production Machinery"", ""carding; manufacturing; machinery; carding; manufacturing; machinery""], ""other"": []}"
3,18,10,1,1,2,1,1,1,1,1,0,2,11,2,2,2,"{""object_names"": [], ""makers"": [""Hargreaves""], ""organisations/institutions"": [], ""dates"": [""1860""], ""places"": [], ""descriptions"": [""This is an example of a hand spinning wheel, once the property of Sir Richard Arkwright, as used at the time when Hargreaves's spinning jenny and the former's water frame were first introduced."", ""The fibrous material was held in the creel, drawn from there by hand, and worked up into a thread."", ""This was led through the hollow axis of the flier, over one of the hooks, or hecks, on the flier, and wound upon the bobbin, which was loose upon the flier spindle."", ""There were two bands from a double-grooved flywheel, driven by a treadle and a crank, to two small pulleys of slightly different sizes, one fixed to the flier spindle, the other to the bobbin."", ""The rotation of the flier put twist into the thread, and the difference between the speeds of the flier and bobbin caused the thread to be wound upon the latter."", ""Very fine yarns could be spun with these wheels, as fine as any which can be made with the machinery of the present day, but a great deal depended upon the skill of the spinner, and the output was very small."", ""Cotton spun by such wheels had not sufficient strength for general use as warp thread, so that warps were usually spun from flax, but Arkwright\u2019s machinery, by the greater twisting and consequent strength that it gave to the thread, rendered the use of cotton general for both warp and weft.""], ""other"": [""Inv. 1860-6"", ""21,220, L.S""]}","{""object_names"": [], ""makers"": [""unknown maker""], ""organisations/institutions"": [], ""dates"": [""1760-1770""], ""places"": [""England"", ""United Kingdom""], ""descriptions"": [""With engraving"", ""Textiles Machinery spinning wheel; spinning wheel""], ""other"": [""1732-1792""]}"
4,8,7,1,1,1,1,1,0,2,1,0,1,2,1,1,2,"{""object_names"": [""ORIGINAL DRAWING FRAME""], ""makers"": [], ""organisations/institutions"": [""Meteorology Catalogue""], ""dates"": [""1860""], ""places"": [], ""descriptions"": [""Sir Richard Arkwright's first drawing frame"", ""commonly known as the \""lantern\"" frame, owing to the fact that the sliver-can employed had an opening in the side closed by a door through which the sliver was removed, and so somewhat resembled a lantern""], ""other"": [""Inv. 1860-3""]}","{""object_names"": [""Arkwright's drawing frame""], ""makers"": [""Arkwright, Sir Richard""], ""organisations/institutions"": [], ""dates"": [""1775-1785""], ""places"": [""England""], ""descriptions"": [""fragments from the original wooden pulley"", ""Textiles Machinery drawing frame; drawing frame""], ""other"": [""drawing frame"", ""drawing frame""]}"
5,18,9,1,1,2,1,1,1,2,1,0,1,9,2,3,2,"{""object_names"": [""ORIGINAL SPINNING MACHINE""], ""makers"": [""Sir Richard Arkwright"", ""James Hargreaves""], ""organisations/institutions"": [""Meteorology Catalogue""], ""dates"": [""1769"", ""1860""], ""places"": [], ""descriptions"": [""This machine, made by Sir Richard Arkwright in 1769, shows his first application of drawing rollers to cotton spinning."", ""The roving, wound upon bobbins placed at the back of the frame, was led successively through four pairs of rollers, each pair revolving more quickly than the preceding pair, so as to draw out the cotton to a finer thread."", ""The bottom rollers are fluted and are geared together so as to give speeds in the ratios of 1 : 1\u00b716 : 1\u00b733 : 6\u00b725, so that the last pair is rotated more than six times as fast as the first."", ""Each roller is in four lengths, so that four threads were being prepared simultaneously for winding on the four spindles below."", ""The upper rollers are covered with leather, and were pressed upon the lower ones by pulleys over which small lead weights were attached remain."", ""The motive power was intended to be that of a horse, and it was applied by a vertical shaft standing on a wooden bracket projecting from one side of the machine, and driven by spur gear from the vertical shaft of the horse wheel."", ""A pulley of large diameter, keyed on at the lower end of the countershaft, turned the four flier spindles by an endless belt, and by a friction wheel drove an upright shaft, which gave motion through crown gearing to the drawing rollers."", ""This machine could be used only for spinning the hard and strong yarns used for warp."", ""The softer yarns for weft had still to be made by hand, except in one or two places where James Hargreaves\u2019s spinning jenny was in use.""], ""other"": [""No. 7"", ""Inv. 1860-3. 21,750, L.S."", ""Inv. 1860-4. 21,748, L.S.""]}","{""object_names"": [""Arkwright's drawing frame"", ""lantern frame""], ""makers"": [], ""organisations/institutions"": [""Science Museum Group Collections Online""], ""dates"": [""1775-1785""], ""places"": [""England""], ""descriptions"": [""commonly known as a lantern frame"", ""fragments from the original wooden pulley""], ""other"": [""Textiles Machinery"", ""drawing frame""]}"
6,16,10,1,1,2,2,1,0,2,1,0,1,7,2,3,3,"{""object_names"": [""ORIGINAL SPINNING MACHINE. No. 7.""], ""makers"": [""Sir Richard Arkwright""], ""organisations/institutions"": [""Meteorology Catalogue""], ""dates"": [""1769 (Received 1860)"", ""1860""], ""places"": [], ""descriptions"": [""This machine, made by Sir Richard Arkwright in 1769, shows his first application of drawing rollers to cotton spinning."", ""The roving, wound upon bobbins placed at the back of the frame, was led successively through four pairs of rollers, each pair revolving more quickly than the preceding pair, so as to draw out the cotton to a finer thread."", ""The bottom rollers are fluted and are geared together so as to give speeds in the ratios of 1 : 1\u00b716 : 1\u00b733 : 6\u00b725, so that the last pair is rotated more than six times as fast as the first."", ""Each roller is in four lengths, so that four threads were being prepared simultaneously for winding on the four spindles below."", ""The upper rollers are covered with leather, and were pressed upon the lower ones by pulleys over which small lead weights were attached remain."", ""The motive power was intended to be that of a horse, and it was applied by a vertical shaft standing on a wooden bracket projecting from one side of the machine, and driven by spur gear from the vertical shaft of the horse wheel."", ""A pulley of large diameter, keyed on at the lower end of the countershaft, turned the four flier spindles by an endless belt, and by a friction wheel drove an upright shaft, which gave motion through crown gearing to the drawing rollers."", ""This machine could be used only for spinning the hard and strong yarns used for warp."", ""The softer yarns for weft had still to be made by hand, except in one or two places where James Hargreaves\u2019s spinning jenny was in use.""], ""other"": [""Inv. 1860-3. 21,750, L.S."", ""Inv. 1860-4. 21,748, L.S.""]}","{""object_names"": [""Arkwright's prototype spinning machine""], ""makers"": [""John Kay""], ""organisations/institutions"": [], ""dates"": [""1769""], ""places"": [""England""], ""descriptions"": [""Textiles Machinery spinning jennies; spinning wheels; spinning jennies; spinning wheels""], ""other"": [""spinning jennies"", ""spinning wheels""]}"
7,18,7,1,1,1,1,0,0,3,1,1,1,8,1,4,2,"{""object_names"": [""IMPROVED SPINNING MACHINE""], ""makers"": [""Sir Richard Arkwright (Maker)""], ""organisations/institutions"": [], ""dates"": [""1860"", ""about 1775"", ""Inv. 1860-5""], ""places"": [""Cromford, Derbyshire""], ""descriptions"": [""This machine was made by Sir Richard Arkwright about 1775, and is an improvement on his first machine, No. 24, in having an arrangement for guiding the yarn over the bobbins evenly, and in containing more spindles."", ""The driving arrangement is very similar to that described in No. 25. The belt from an external main driving pulley, in addition to turning the spindles, drives two drums, placed on the vertical axes, which transmit motion to the drawing rollers above."", ""Each of these vertical shafts drives four sets of rollers, and there is an arrangement for throwing either shaft out of gear."", ""There are three pairs of rollers, the top ones covered with leather, and the lower ones fluted, their speeds being in the ratios 1 : 1\u00b76 : 18\u00b74."", ""The spindles, of which there are eight, are provided with fliers which carry the thread round the bobbins and at the same time twist it, just as in the earlier machine."", ""Regular winding upon the bobbins was secured by the following mechanical means: at the back of the machine, near the ground, is a wooden shaft driven by a belt from the roller gear, and having a cam fixed at each end pressing against a roller fixed in a frame, which swings in trunnion bearings above, and has the lifting rail attached to it in front."", ""This rail has eight plates projecting from it, through which eight spindles pass, and on these plates the bobbins rest."", ""As the heart-shaped cam revolves, the swinging frame or bell-cranks move the rail and bobbins up and down, so that the thread is wound on at different parts of the bobbin in succession."", ""This very important improvement is believed to have been first introduced by James Hargreaves."", ""Machines of this kind driven by water power were used by Arkwright at Cromford, in Derbyshire, hence the name of water frames by which they were known."", ""The throttle frame is the same in principle as this machine, the improvements being chiefly in its details and mechanical construction.""], ""other"": [""Plate I, No. 8"", ""21,749, L.S."", ""Improved spinning machine"", ""Received 1860""]}","{""object_names"": [""Arkwright's Water Frame"", ""water frame""], ""makers"": [""Sir Richard Arkwright""], ""organisations/institutions"": [], ""dates"": [""1775""], ""places"": [""England""], ""descriptions"": [""Textiles Machinery spinning machine; spinning machine""], ""other"": [""Improved spinning machine (water frame)""]}"
8,11,9,1,1,1,2,1,1,1,1,0,1,5,3,2,0,"{""object_names"": [""ORIGINAL WRAP REEL""], ""makers"": [""Sir Richard Arkwright""], ""organisations/institutions"": [""Meteorology Catalogue""], ""dates"": [""1860""], ""places"": [], ""descriptions"": [""This is a measuring appliance, invented and made by Sir Richard Arkwright, for winding yarn into hanks of measured length and convenient for packing."", ""As yarn is sold by weight the price depends largely upon the number of hanks that go to the pound\u2014a quantity known as the \u201ccount\u201d of the yarn (see p. 10)\u2014and for determining the count this wrap reel is also most convenient."", ""The reel consists of a six-armed star turning on a horizontal axis and rotated by a winch handle."", ""From the axis reducing gearing transmits motion to an index moving over a horizontal circular dial, the reading on which indicates the length wound on."", ""One revolution of the reel winds on 1\u00b75 yd. of yarn and moves the index through $\\frac{1}{2}\\frac{1}{00}\\text{th}$ of the circle."", ""The dial is divided into seven equal parts so that one division represents 80 turns of the reel or 120 yd., which makes one \u201clea\u201d or \u201cwrap.\u201d"", ""Seven \u201cwraps\u201d make one \u201chank\u201d or 840 yd., a quantity represented by the index having moved once round the dial."", ""When reeling to find the count of the yarn, one wrap is wound off and weighed."", ""As there are 7,000 gr. in a pound and seven wraps in a hank, the number or count of the yarn is obtained by dividing 1,000 by the weight of the measured wrap in grains.""], ""other"": [""Inv. 1860-2"", ""21,219, L.S""]}","{""object_names"": [""Arkwright's Wrap-reel Winding Wheel""], ""makers"": [""John Kay"", ""Arkwright, Richard""], ""organisations/institutions"": [""Science Museum Group Collections Online""], ""dates"": [""1769-1775""], ""places"": [""Cromford, Derbyshire, England, United Kingdom""], ""descriptions"": [""Original wrap-reel or winding wheel used at Sir Richard Arkwright's mill and probably made by John Kay"", ""Textiles Machinery winding machines; textile machines; winding machines; textile machines""], ""other"": []}"
9,18,10,1,1,1,1,1,1,3,1,0,2,10,3,2,1,"{""object_names"": [], ""makers"": [], ""organisations/institutions"": [], ""dates"": [""1857"", ""1857-1858"", ""1824""], ""places"": [], ""descriptions"": [""This model represents a form of stretching or drawing machine included in J. G. Bodmer\u2019s patent of 1824."", ""The lap, which has been prepared in the form of a roll by his lap machine (No. 29), is placed upon two horizontal rollers, which, revolving in the same direction, rotate the lap at a uniform linear speed, and unwind it."", ""The several slivers of the lap are passed together through drawing rollers, by which their length is increased from 12 to 15 times; each passes through a separate hole in a horizontal guiding rail, and they are then wound together into a fresh lap or roll."", ""As the extension greatly reduces the diameter of the slivers, they cannot form, after drawing, a lap of the original width; so, to close them together uniformly, the final lap is wound on a horizontal axis at right angles to that of the drawing rollers, an intermediate directing roller dividing the 90 deg. unequally."", ""The guiding rail is reciprocated longitudinally by a double-grooved cylindrical cam, and to permit of the adjustment of the inclination of the directing roller it is driven by a universal joint."", ""Mr. Bodmer intended to place 25 of these heads in one machine and to wind up the 200 slivers so treated in one roll, which was then to be sent on to the throstles or mules."", ""To give strength to the roll, he wound in with the lap a cloth of equal width."", ""lap machine (No. 29)"", ""horizontal rollers"", ""drawing rollers"", ""horizontal guiding rail"", ""horizontal axis"", ""intermediate directing roller"", ""90 deg."", ""guiding rail"", ""double-grooved cylindrical cam"", ""directing roller"", ""universal joint"", ""25 of these heads"", ""200 slivers"", ""throstles or mules"", ""cloth of equal width""], ""other"": [""Inv. 1857-102"", ""No. 29""]}","{""object_names"": [], ""makers"": [], ""organisations/institutions"": [], ""dates"": [""1824-1833""], ""places"": [""England"", ""United Kingdom""], ""descriptions"": [""to separate slivers, increase their length 12-15 times and recombine into a lap."", ""Textiles Machinery"", ""drawing machine""], ""other"": [""patentee""]}"
10,9,10,1,2,2,2,0,1,2,1,0,2,3,2,1,0,"{""object_names"": [""DRAWING ROLLERS""], ""makers"": [""Evan Leigh, Esq.""], ""organisations/institutions"": [], ""dates"": [""1858""], ""places"": [], ""descriptions"": [""special constructions of leather-covered rollers for drawing cotton or other fibrous material"", ""patented by Messrs E. and G. P. Leigh in 1856-57"", ""Instead of allowing the rollers to turn on pivots, as before, they are made hollow and turn on a fixed spindle; while, in order to lubricate the bearings, the ends of the spindle are turned down so that the oil used shall gravitate to the larger portion, where it is required, without escaping at the ends and on to the rollers.""], ""other"": [""Inv. 1858-21""]}","{""object_names"": [""loose-top cotton drawing rollers"", ""wooden carrying box""], ""makers"": [""Evan Leigh and Son""], ""organisations/institutions"": [""Evan Leigh and Son""], ""dates"": [""1856-1858""], ""places"": [""Miles Platting, Manchester, England"", ""Miles Platting, Greater Manchester, England, United Kingdom""], ""descriptions"": [""loose-top"", ""leather-surfaced"", ""Textiles Machinery cotton spinning; cotton spinning""], ""other"": []}"
11,12,9,1,1,1,1,1,1,1,1,0,0,8,2,1,3,"{""object_names"": [], ""makers"": [], ""organisations/institutions"": [""Meteorology Catalogue""], ""dates"": [], ""places"": [], ""descriptions"": [""machine for doubling cotton yarn to form thread for sewing or other purposes"", ""similar to a throstle spinning frame, but is without drawing rollers, and is arranged for spinning two yarns into one thread"", ""cops containing the yarn are placed in the creel along the centre of the frame"", ""yarn for each spindle is led down underneath a glass rod in a trough of water, and between a pair of brass rollers, to a flier fixed at the top of the vertical spindle"", ""From the flier it passes to a bobbin loose upon the spindle, and as the flier rotates it twists the two yarns together, and at the same time winds them on to the bobbin"", ""As the rollers do not feed out the yarn as fast as the flier would wind it on a fixed bobbin, the difference is made up by the bobbin slipping round under the pull of the yarn"", ""The bobbins rest upon a rail which is raised and lowered by heart cams placed below the machine, so winding the thread uniformly on the whole length of each bobbin"", ""A feature of this machine is the extent to which frictional driving is employed"", ""From the main central shaft two parallel shafts are driven by leather-covered pulleys, and each of these shafts has on it 24 metal discs or friction cones, each driving a leather-covered conical pulley, formed on the base of a flier spindle, no cords or belts being used"", ""The rollers are, however, connected by positive gearing with the driving shaft""], ""other"": [""Inv. 1858-4""]}","{""object_names"": [], ""makers"": [""unknown maker""], ""organisations/institutions"": [""Science Museum Group Collections Online""], ""dates"": [], ""places"": [], ""descriptions"": [""Doubling frame to spin sewing cotton from two yarns"", ""cotton spinning; cotton spinning""], ""other"": [""Textiles Machinery""]}"
12,17,12,2,2,1,1,1,1,2,1,0,2,8,3,3,2,"{""object_names"": [""TEXTILE SCALES""], ""makers"": [], ""organisations/institutions"": [], ""dates"": [""1915""], ""places"": [], ""descriptions"": [""for finding the weight of cloth, expressed in both the English and the metric systems"", ""in place of ordinary knife edges there are three taut steel tapes"", ""in the original form, patented in 1882 by Mr. F. A. Roeder, steel wire was used"", ""tapes are stretched over frames, one of which is rigidly fixed to the base plate and forms the fulcrum, while the other two connect the ends of the two beam members, so that any displacement, due to a weight on one scale, causes twisting of the tapes"", ""Adjustable poises are mounted on the beam and these partly neutralise the torsional resistance, and so increase the sensitiveness of the scales"", ""modification without loose weights"", ""First the scales are brought to zero by the weight at the left"", ""A sample 2 in. square, cut from the cloth to be tested by the punch and mallet shown, is then placed with its righthand edge at the graduation on the carrier that corresponds with its woven width"", ""The scales are then again brought to zero by sliding the weight on the graduated beam and the weight in oz. per yd. or gram. per metre, to an accuracy of 0.2 oz. or 5 gram., can be read off""], ""other"": [""Inv. 1915-45""]}","{""object_names"": [""Torsion Balance""], ""makers"": [""Torsion Balance Company""], ""organisations/institutions"": [""Torsion Balance Company""], ""dates"": [""1902-1915""], ""places"": [""New York, United States""], ""descriptions"": [""textile scale"", ""Textiles Machinery weighing balances"", ""weighing balances""], ""other"": [""type No. 5000"", ""No. 6656"", ""die and mallet""]}"
13,23,9,1,2,1,1,1,1,1,0,0,2,14,2,3,1,"{""object_names"": [""MODEL OF MCNAUGHT'S WOOL-WASHING MACHINE.""], ""makers"": [""Messrs. J. and W. McNaught""], ""organisations/institutions"": [""Meteorology Catalogue""], ""dates"": [""1914""], ""places"": [], ""descriptions"": [""Scale 1: 8."", ""The machine represented by this model is one of a series of four through which the wool is passed in order to separate from it the impurities which consist of Yolk, or wool fat, Suint, or sheep's perspiration, and dirt. Yolk is insoluble in water and does not form soluble soaps with alkalies, but it emulsifies, and the washing process is based on this property."", ""An inner tank with a perforated bottom is fixed inside a large tank."", ""The inner tank holds the wool, which is propelled and agitated by a number of bars of brass prongs fixed to two long tubes which are lowered into the sud and then moved forward a short distance by means of cranks, cams, and levers."", ""The forks at the delivery end of the machine are shortened and carry the wool over a chute and between rollers on to an apron which transfers it to the second machine in the series, and so on."", ""The first machine has a bowl, or tank, 30 ft. long, the second 24 ft. long, the third 18 ft. long, and the fourth 12 ft. long."", ""The liquor in the washing bowls consists of water heated up to a temperature of about 120 deg. F., with soap and sodium or potassium carbonate; but the fourth bowl usually contains hot water only, to rinse the wool."", ""The fats rise to the top and are carried at the delivery end into a third or settling tank, from which they are flushed and from which the liquor is pumped from a point near the middle of this tank back into the washing bowl."", ""The dirt falls through the perforations of the inner tank and is collected from one side of the bottom of the outer bowl, which is inclined."", ""The propelling forks make from 15 to 18 strokes per minute and the delivery rollers make 8 revolutions per minute."", ""1,000 to 1,200 lb. of greasy wool per hour can be dealt with by a set of four bowls with an expenditure of 10 h.p."", ""A sectional drawing of the machine is exhibited near the model."", ""wool-washing machine"", ""textiles machinery""], ""other"": [""Inv. 1914-751"", ""S.M. 584"", ""L.S.""]}","{""object_names"": [""wool washing machine"", ""washing machine""], ""makers"": [""John & William McNaught""], ""organisations/institutions"": [""Science Museum Group Collections Online""], ""dates"": [], ""places"": [""Rochdale, Manchester, England"", ""United Kingdom""], ""descriptions"": [""Model (scale 1:8)"", ""Textiles Machinery washing machine; washing machine""], ""other"": []}"
14,14,8,1,1,1,1,0,0,1,1,0,1,8,4,3,0,"{""object_names"": [""MODEL OF MCNAUGHT'S WOOL-DRYING MACHINE""], ""makers"": [""Messrs J. and W. McNaught""], ""organisations/institutions"": [], ""dates"": [""1914""], ""places"": [], ""descriptions"": [""Scale 1: 4"", ""This model represents part of a machine, usually consisting of seven compartments, which dries the wool, previously washed, by volumes of dry warm air which are passed continuously through the wool."", ""The wet washed wool is fed on to the travelling feed apron of the machine, and enters the first compartment through a pair of rollers and is carried forward over a specially shaped plate or bridge by an upward current of air set in motion by a fan which runs at 1,350 revolutions per minute, and is heated by steam in a tubular heater."", ""The damp air passes out of the compartment through a perforated plate at the top."", ""Short fibre, small particles of dirt, and fine kemps, blown through the perforations, collect on the upper surface of the plate and are removed by hand."", ""From the last three or four compartments the hot air, which now contains little moisture, is collected and taken back into the fan chamber."", ""The temperature in the compartments can be varied to suit different kinds of wool by means of a slide valve which regulates the amount of air admitted."", ""Drying is effected in from 1 1/2 to 3 1/2 minutes, and the output of the machine is about 400 lb. per hour."", ""A framed diagram which is exhibited near this model shews how the machine works.""], ""other"": [""Inv. 1914-752"", ""S.M. 581"", ""L.S.""]}","{""object_names"": [""wool drying machine""], ""makers"": [""John & William McNaught""], ""organisations/institutions"": [], ""dates"": [""around 1914""], ""places"": [""Rochdale, Manchester, England"", ""Rochdale, Greater Manchester, England, United Kingdom""], ""descriptions"": [""Model (scale 1:4)"", ""Textiles Machinery drying machine; model - representation; drying machine; model - representation""], ""other"": []}"
15,15,9,1,1,1,1,1,0,2,1,0,1,7,2,3,3,"{""object_names"": [], ""makers"": [], ""organisations/institutions"": [""Royal Society of Arts""], ""dates"": [""1922"", ""1733""], ""places"": [], ""descriptions"": [""This model represents the general form of hand loom in use prior to the invention of the fly-shuttle in 1733; most of the features of the modern power loom are, however, to be found in it in an elementary form, and in a state that renders the action of the later developments more evident."", ""The longitudinal, or warp, threads are wrapped round a roller at the back of the loom frame, from which each one passes through an eye in a separate vertical thread, or heald, and then between a grid or comb, called a reed, to a roller in front, known as the cloth-beam, upon which the fabric is wound up as it is woven."", ""The healds of alternate warp threads are secured above and below to transverse bars, called heald-shafts, which can be moved vertically by treadles, and the healds of the intermediate warp threads are similarly controlled by another set of heald-shafts."", ""By this means the alternate threads of the warp can be moved so as to leave a wedge-shaped space, called a shed, through which the shuttle, containing a supply of the transverse or weft thread, can be passed by hand."", ""After each passage of the shuttle the healds are so moved as to reverse the relative positions of the two groups of warp threads, thus securing a complete interlacing of the two systems of thread; the weft thread is at the same time driven close up to the preceding thread by the reed, which is pulled forward to beat it up."", ""The loom is represented weaving a stair carpet, with longitudinal stripes given by the use of warp threads of different colours; three threads are passed through each loop of the healds and the weft thread is quadruple."", ""A full-sized shuttle is also shown.""], ""other"": [""Scale 1 : 4."", ""Inv. 1857-104."", ""30,887, L.S.""]}","{""object_names"": [], ""makers"": [""unknown maker""], ""organisations/institutions"": [], ""dates"": [""1730-1800""], ""places"": [""unknown place""], ""descriptions"": [""Textiles Machinery hand loom; model; hand loom; model""], ""other"": [""hand loom"", ""model""]}"
16,8,13,1,1,1,1,0,1,1,2,0,3,4,3,1,2,"{""object_names"": [""POWER LOOM""], ""makers"": [""J. Harrison & Sons""], ""organisations/institutions"": [], ""dates"": [""1858""], ""places"": [], ""descriptions"": [""an example of an ordinary plain loom fitted for driving by power"", ""Four tappets, on a shaft which turns at a quarter the speed of the crank-shaft, move the heald-shafts in the usual way"", ""with this arrangement a four-thread twill can be woven"", ""Presented by""], ""other"": [""Inv. 1858-5""]}","{""object_names"": [""Power loom""], ""makers"": [""J. Harrison and Son""], ""organisations/institutions"": [""Science Museum Group Collections Online""], ""dates"": [""1842"", ""1851""], ""places"": [""Blackburn, England"", ""Lancashire, England""], ""descriptions"": [""fitted with the loose reed emergency stop mechanism of 1842"", ""Exhibited at the Great Exhibition of 1851"", ""subsequently modified by the makers with design changes up to 1858""], ""other"": [""Textiles Machinery"", ""power loom""]}"
17,9,10,1,1,1,1,1,1,1,2,0,2,5,1,1,2,"{""object_names"": [""MODEL OF POWER LOOM""], ""makers"": [""W. E. Taylor, Esq.""], ""organisations/institutions"": [""Meteorology Catalogue""], ""dates"": [""1862""], ""places"": [], ""descriptions"": [""Scale 1: 2"", ""This loom is a good example of the ordinary power loom, but has Mr. Taylor\u2019s improved mode of driving the lay and shuttle race."", ""By using a very short connecting rod, the lay moves very slowly when back, but quickly when beating up the weft."", ""One half of the lay is fitted with a connecting rod of the usual length, so as to show the different action of the very short one."", ""There is the usual selfacting temple to keep the cloth out to the proper width, and self-acting arrangements for stopping the loom in case the shuttle does not run fully home into its box, or if the weft should break.""], ""other"": [""Inv. 1862-25""]}","{""object_names"": [""Model of power loom with improvements""], ""makers"": [""W. E. Taylor""], ""organisations/institutions"": [""Science Museum Group Collections Online""], ""dates"": [""1860"", ""1860-1862""], ""places"": [""England"", ""United Kingdom""], ""descriptions"": [""patentee"", ""Textiles Machinery power loom; power loom""], ""other"": [""as exhibited at the International Exhibition, London, 1862"", ""Taylor""]}"
18,19,7,2,1,1,1,1,1,2,0,0,0,10,2,3,2,"{""object_names"": [""weft fork"", ""weft fork""], ""makers"": [""Thomas Sibley, Esq.""], ""organisations/institutions"": [""Meteorology Catalogue""], ""dates"": [""1922"", ""1861""], ""places"": [], ""descriptions"": [""This is a detached example of a weft fork, which is part of an arrangement for stopping a loom if the weft should break."", ""It can be seen in position in Nos. 59 and 62."", ""This device is used in all plain looms at the present time, but for fancy looms, where several shuttles are used and several picks made from the same side consecutively, it does not give a sure means of stopping if any one of the shuttles breaks its weft."", ""For such looms a weft fork is placed in the centre of the reed space."", ""At one end of the fork there are prongs, and at the other end a hook; the fork is nearly balanced on a pin, the prong end being left lighter so that the hook tends to fall."", ""The pin is fixed to a rod attached to a bracket on the stopping lever which, while the loom is running, is retained in a notch."", ""A bell-crank lever, with its upper end notched so that it can catch the hooked end of the fork when both are at the same level, is oscillated by means of a cam on the tappet or picking-shaft."", ""At one end of the shuttle race, in the reed frame, there is a grid between which the prongs can pass when the lay moves up."", ""If the weft be unbroken, it lies across the grid and causes the fork to tilt up the hook, so that the oscillating notch does not catch."", ""If the weft be broken, however, the prongs go through the grid and the hook is caught by the notch, so that the stopping lever is moved out of its notch and sprung to the end of its slot."", ""The belt fork connected with the stopping lever throws the driving belt on to the loose pulley and at the same time applies a brake, so that the loom is stopped at once."", ""The feature of Sibley's fork, patented in 1860, is the method of supporting it; with the object of reducing friction, and also taking up any slackness that may arise, the axis is carried between cone-centres.""], ""other"": [""Inv. 1861\u201334"", ""Inv. 1861-34"", ""1860""]}","{""object_names"": [""Weft fork for a power loom""], ""makers"": [""T. Sibley""], ""organisations/institutions"": [""Science Museum Group Collections Online""], ""dates"": [], ""places"": [], ""descriptions"": [""weft fork"", ""weaving weft fork""], ""other"": [""Textiles Machinery weaving"", ""Sibley, T.""]}"
19,8,9,1,1,1,1,0,1,1,1,0,1,3,4,2,1,"{""object_names"": [""VARIOUS SHUTTLES FOR LOOMS""], ""makers"": [""J. Harrison & Sons""], ""organisations/institutions"": [], ""dates"": [""1922""], ""places"": [], ""descriptions"": [""some opened and some with the cop of cotton weft in position"", ""A later form of shuttle is seen in No. 35""], ""other"": [""Inv. 1862\u20139"", ""Inv. 1862-9""]}","{""object_names"": [""Five power loom shuttles""], ""makers"": [""J. Harrison and Sons, Blackburn, Lancashire, England""], ""organisations/institutions"": [""Science Museum Group Collections Online""], ""dates"": [""1858-1862""], ""places"": [""Blackburn, Lancashire, England""], ""descriptions"": [""boxwood"", ""only differ from a hand loom shuttle because they do not have rollers"", ""the spring tongue is hinged like a pocket-knife, so that it projects out from the mortise when inserting a fresh cop of yarn"", ""This improvement dated from the early 19th century: allowing a cop of greater length to be used""], ""other"": [""Textiles Machinery loom; loom""]}"
20,9,11,1,1,1,1,0,1,2,2,0,1,3,3,2,2,"{""object_names"": [], ""makers"": [], ""organisations/institutions"": [], ""dates"": [], ""places"": [], ""descriptions"": [""The shuttle is shaped at its base to fit into grooves in the batten of the loom, the increased bearing surface thus secured reducing the length of shuttle necessary.""], ""other"": [""Inv. 1862\u201310"", ""Inv. 1862-10""]}","{""object_names"": [""Two Shuttles for the weaving of narrow fabrics""], ""makers"": [""unknown maker""], ""organisations/institutions"": [""Science Museum Group""], ""dates"": [], ""places"": [""England, United Kingdom""], ""descriptions"": [""Textiles Machinery weaving shuttles; weaving shuttles""], ""other"": [""unknown maker""]}"
21,9,7,1,2,1,1,0,0,1,0,0,0,4,2,2,2,"{""object_names"": [], ""makers"": [], ""organisations/institutions"": [], ""dates"": [""1857""], ""places"": [], ""descriptions"": [""This machine consists of a large wheel or drum divided into four parts by radial divisions. There is a large hole in the front of each compartment, through which the pieces of calico to be introduced. At the back of the wheel is a circular slit through which a jet of water is directed from outside, so that as the wheel revolves on its axis the goods are thrown over and over in front of the jet of water, and also fall heavily to the bottom of the compartment, the combined treatment thoroughly washing them. At the outer edge of the back is a series of small holes through which the foul water runs off as each compartment passes the lower portion of its path.""], ""other"": [""Scale 1 : 4."", ""Inv. 1857-109. 20,777. L.S""]}","{""object_names"": [""dash or wash wheel"", ""textile wash-wheel""], ""makers"": [""unknown maker""], ""organisations/institutions"": [], ""dates"": [], ""places"": [], ""descriptions"": [""used by bleachers and calico printers"", ""Textiles Machinery""], ""other"": []}"
22,18,8,1,2,2,1,1,1,3,0,0,0,8,2,3,2,"{""object_names"": [""FLANNEL WASHER.""], ""makers"": [""G. A. Crossland""], ""organisations/institutions"": [""Armitage & Crossland""], ""dates"": [""1914"", ""A.D. 1912"", ""1914-121""], ""places"": [], ""descriptions"": [""Scale 1 : 4. (model)"", ""machine patented by G. A. Crossland (No. 6436, A.D. 1912) for use in steam laundries"", ""Flannels and woollen goods have always presented difficulties in washing, and the dolly-tub method had been considered preferable to any mechanical process."", ""This machine is an elaboration of the dolly tub."", ""Its action consists in the alternate pressure and suction of four cups which move up and down in a tub and come down in a different place each time."", ""The power is transmitted through a horizontal shaft and a pair of bevel wheels at the top to a vertical shaft carrying a crank arm, in the outer end of which is socketed the upper end of an inclined spindle whose lower end turns in a spherical bearing centrally placed on the boss of the tub, which carries at the top a fixed horizontal bevel wheel gearing with another on the inclined spindle."", ""Above the latter bevel wheel, fixed to the spindle, is a shoe on which are centred four rocking arms which carry, pivoted by shackles on their outer ends, the four cups or pressers."", ""The rocking arms are held down by springs fixed to the shoe, so that when it meets with thicker fabric in the tub a presser adjusts itself to the resistance encountered."", ""The number of teeth in the bevel wheel on the inclined spindle is thirteen, and that of the fixed central wheel is fifteen, so that the inclined spindle turns to the extent of two teeth on its own axis for each revolution of the crank arm, and the pressers come down in different parts of the tub each time."", ""To provide against the sides of the tub being hit by the centrifugal tendency of the pressers the short vertical arms which carry them are connected by rods passing round the spindle. Only one such rod is shown in the model."", ""The washing liquor is soft water at a temperature of not more than 100\u00b0 F., with potash soap and sometimes a little ammonium hydrate."", ""The flannels are treated in two waters, and the time taken for one batch is half an hour.""], ""other"": [""Scale 1 : 4"", ""Inv. 1914-121"", ""1914""]}","{""object_names"": [""Model of Armitage and Crosland's flannel washer""], ""makers"": [], ""organisations/institutions"": [""Science Museum Group Collections Online""], ""dates"": [], ""places"": [], ""descriptions"": [""Model of Armitage and Crosland's flannel washer (scale 1:4)"", ""Domestic Appliances model""], ""other"": [""scale 1:4"", ""model""]}"
23,15,7,1,1,1,0,1,1,2,0,0,0,7,3,3,2,"{""object_names"": [], ""makers"": [""Messrs. Hoyle & Son""], ""organisations/institutions"": [""Meteorology Catalogue""], ""dates"": [""1922"", ""1857""], ""places"": [], ""descriptions"": [""This machine runs pieces of calico, whose ends have been stitched together into an endless length, repeatedly through dye liquor contained in a tank, so ensuring complete and uniform saturation."", ""There are two long dye baths arranged in line, with a space between for mechanism; over each bath is a square horizontal revolving prism, and at the bottom of each bath are two rollers."", ""The baths are divided into compartments by open partitions to keep the calico pieces separate, and centrally along the bottom of the tank runs a steam pipe for maintaining any desired temperature."", ""Above one of the immersed rollers is a sloping shelf, on which the piece being dyed rests in a pile that is being continually added to at the top and drawn from at the bottom, a great length of fabric being thus under treatment in each tank."", ""Scale 1: 8.""], ""other"": [""Inv. 1857-108"", ""20,779, L.S""]}","{""object_names"": [], ""makers"": [], ""organisations/institutions"": [""Science Museum Group Collections Online""], ""dates"": [], ""places"": [], ""descriptions"": [""Model of automatic dyeing apparatus employed by calico printers and dyers."", ""Textiles Machinery automatic dyeing apparatus; automatic dyeing apparatus""], ""other"": []}"
24,15,9,1,1,2,1,1,1,2,1,0,0,6,2,3,3,"{""object_names"": [], ""makers"": [""Hoyle & Son""], ""organisations/institutions"": [""Meteorology Catalogue""], ""dates"": [""1857""], ""places"": [], ""descriptions"": [""Scale 1: 4."", ""This is a model of a machine, patented in 1840 by Mr. R. Hampson, for printing calico from blocks."", ""It is arranged for printing in five different colours, but can also be used for single work."", ""The block is supported face downward in a frame that slides in vertical guides ; it is counterbalanced by a chain that passes over pulleys and is attached to a weighted rod."", ""The calico is supported on a blanket-covered table below the block, so that by lifting the rod the block descends by its own weight and so impresses the calico."", ""On rails secured to the sides of the table runs a carriage supporting the inking arrangements, and after printing an impression on the calico the carriage must be pushed under and the block be lowered upon it for a fresh inking, before a second impression can be properly printed."", ""The calico is on a roll at one end of the machine, and after being printed passes over a hot-water or steam plate and round a long course, to dry it before it is wound up in a finished roll."", ""The blanket beneath the calico is protected by a second calico piece which passes through the machine with the actual work."", ""The machine is arranged for printing in five colours, which are shown on the inking carriage."", ""The block is in five sections, and after each impression the calico is wound forward a distance equal to one-fifth of the width of the block, so that at each impression an additional colour is printed."", ""The colour reservoirs and the spreading brushes are shown in position.""], ""other"": [""Inv. 1857-107"", ""20774"", ""L.S""]}","{""object_names"": [], ""makers"": [""unknown maker""], ""organisations/institutions"": [""Science Museum Group Collections Online""], ""dates"": [], ""places"": [], ""descriptions"": [""Textiles Machinery calico printing machine; calico printing machine""], ""other"": [""calico printing machine"", ""calico printing machine""]}"
25,9,9,1,1,1,1,1,1,2,1,0,0,3,3,1,2,"{""object_names"": [""CALICO PRINTING ROLLERS""], ""makers"": [""J. D. Mucklow, Esq."", ""Mr. Mucklow""], ""organisations/institutions"": [""Meteorology Catalogue""], ""dates"": [""1857"", ""1865""], ""places"": [], ""descriptions"": [""These short specimens of small diameter illustrate a method, patented in 1857 by Mr. Mucklow, of reducing the cost of calico printing rollers by making them of iron and coating them by electro-deposition with the more valuable metal which resists corrosion."", ""I. represents a roller before engraving"", ""II. is a similar roller engraved by one of the methods described in an adjoining exhibit"", ""III. is an engraved roller electro-plated with copper"", ""IV. is a similar roller coated with nickel""], ""other"": [""Inv. 1865-20""]}","{""object_names"": [""Four models of engraved rollers for calico printing""], ""makers"": [""J. D. Mucklow""], ""organisations/institutions"": [""Science Museum Group Collections Online""], ""dates"": [""1857""], ""places"": [], ""descriptions"": [""Mounted on board."", ""Textiles Machinery calico printing rollers"", ""calico printing rollers""], ""other"": [""(20a, 20b, 20c, 20d)""]}"
26,17,6,3,1,2,1,1,0,2,0,0,0,8,3,1,1,"{""object_names"": [""steel mill"", ""die"", ""mill""], ""makers"": [""Robert Leigh, Esq."", ""Joseph Lockett""], ""organisations/institutions"": [""Meteorology Catalogue""], ""dates"": [""1914"", ""1808""], ""places"": [], ""descriptions"": [""steel mill for preparing the copper rollers used in calico printing"", ""rollers were engraved laboriously by hand"", ""Joseph Lockett applied to them the method of using dies, introduced earlier by Jacob Perkins for multiplying engraved plates used in printing bank notes, etc."", ""pattern is engraved in intaglio on a steel roller known as the die"", ""die is usually of such a circumference as to take one repeat"", ""die is then hardened and placed against a similar steel roller two to four times its diameter in a \u201cclamping\u201d press, where, by rotation under pressure, the design is transferred in relievo to the second roller, which, when hardened, is known as the mill"", ""mill is now used in a similar manner in the engraving machine for impressing its designs on the copper printing roller which is some multiple of its diameter"", ""screw arrangement for moving the mill laterally to repeat the design till the whole roller is engraved"", ""design can thus be faithfully reproduced as often as desired with the minimum of skilled labour"", ""specimen of calico printed by a roller engraved by the mill is shewn""], ""other"": [""Inv. 1914-211""]}","{""object_names"": [""Engraved steel roller for printing calico""], ""makers"": [""Unknown maker""], ""organisations/institutions"": [], ""dates"": [], ""places"": [], ""descriptions"": [""with a sample of printed calico mounted in a small glassed case"", ""Textiles Machinery""], ""other"": [""steel roller"", ""steel roller""]}"
27,16,9,1,1,1,1,1,0,3,1,0,2,7,2,3,2,"{""object_names"": [], ""makers"": [], ""organisations/institutions"": [""Woodcroft Bequest""], ""dates"": [""1922"", ""1903"", ""1843""], ""places"": [], ""descriptions"": [""Scale 1 : 8."", ""This is a model of a machine patented in 1843, by Mr. Joseph Burch; it is a simplified form of his earlier machine, No. 109, and although stated to have been designed for printing druggets, it is also suited for general block-printing in colours."", ""His patent also describes an arrangement that embodies the important features of the modern cylinder machines for calico printing."", ""The general object of the design is to ensure accurate registering of the several blocks by which the pattern is printed, and to prevent the accumulation on the table of colouring matter that has been pressed through the work in progress."", ""In the model six blocks are mounted three abreast and face downward in a reciprocating frame, each set when at the centre of the machine being depressed by a cam mechanism, the other set of blocks being at the same time inked by inking rollers that are driven so as to have the same surface speed as the blocks."", ""The reciprocation of the frame is performed by two cams and a multiplying gear that drives a rack secured to the frame."", ""In the centre of the machine is a printing table, and beneath it a large drum that moves the fabric at each reciprocation through one-half the pitch of the blocks in the frame."", ""Over this table and round the drum passes an endless apron that is led to rollers on the outside frame, where also is a tightening roller."", ""Outside the apron is an under-cloth, which receives any excess of colour pressed through the drugget during printing; this under-cloth is on a roll at the bottom of the machine, controlled by a brake, and after passing with the apron over the table is wound on a similar roll above the end frame."", ""The drugget to be printed is on a roll, from which it passes round tension bars and over the printing table; it is then carried by the apron to the end of the frame, where it is separated from the under-cloth and conveyed to a drying screen (not shown), and is finally wound in a finished state on the highest roller of the frame.""], ""other"": [""Inv. 1860-10."", ""20,895, L.S.""]}","{""object_names"": [], ""makers"": [], ""organisations/institutions"": [], ""dates"": [], ""places"": [""England"", ""United Kingdom""], ""descriptions"": [""with accessories"", ""Textiles Machinery""], ""other"": [""model - representation""]}"
28,20,4,1,1,1,0,3,0,3,0,0,0,10,1,2,2,"{""object_names"": [], ""makers"": [""Messrs. Hoyle & Son""], ""organisations/institutions"": [""Meteorology Catalogue"", ""Fryer, Greenough and Newbery"", ""Mr T Bell""], ""dates"": [""1922"", ""1764"", ""1783""], ""places"": [], ""descriptions"": [""Scale 1:4"", ""model of a single-cylinder calico-printing machine, and resembles the four or more cylinder machines now used"", ""The pattern to be printed is engraved on a copper roller, which is inked or coloured by a roller that runs in a bath of colour and has its upper surface in contact with the printing roller"", ""the excess colour is wiped from the revolving printing roller by a fixed steel blade that has a slight longitudinal reciprocation; this blade, called the colour doctor, wipes off all the ink except that in the engraved lines"", ""The calico to be printed is on a roller near the machine, and its delivery is controlled by a friction brake which keeps it tight; it is stretched widthways by passing over two bars, the upper surfaces of which are grooved in opposite directions"", ""The calico then passes under the platen cylinder that presses it upon the printing cylinder, the two cylinders being pressed powerfully together by the lever arrangement in which the bearings are carried"", ""After printing, the calico passes upward and then horizontally over a series of steam-heated chests, then vertically downward in front of similar chests, then horizontally and vertically through a long course, during which the drying is sufficiently completed for the calico to be wound on a roller at the drying end of the machine"", ""The cylinder is continually being wiped on its leaving surface by a second flexible blade, called the lint doctor, which frees it from any fibres deposited by the calico"", ""An endless felt or blanket passes round the platen cylinder with the calico, and then round beneath the drying chests, returning backward by a circuitous course in which arrangements for taking up the stretch are provided"", ""This blanket forms an elastic cushion for the calico while being printed; it also absorbs and carries away any excess colouring matter"", ""The application of engraved copper cylinders to the printing of textile fabrics was patented in 1764"", ""the employment of the steel-strip doctor as here used was patented in 1783""], ""other"": [""Inv. 1857-106"", ""20,783, L.S""]}","{""object_names"": [], ""makers"": [], ""organisations/institutions"": [], ""dates"": [], ""places"": [], ""descriptions"": [""Textiles Machinery rotary textile printing machine""], ""other"": [""rotary textile printing machine""]}"
29,18,9,1,1,1,1,1,0,2,2,0,1,11,2,2,2,"{""object_names"": [], ""makers"": [], ""organisations/institutions"": [""Howe Machine Co.""], ""dates"": [""1862""], ""places"": [], ""descriptions"": [""first successful lock-stitch sewing machine made by Elias Howe in 1845"", ""cloth to be sewn hangs vertically"", ""fixed on pins embedded in the edge of a thin strip of metal (capable of bending easily to the curve of the seam to be sewn)"", ""metal strip is drawn through the machine by a pinion gearing into it"", ""carries the cloth forward in front of the needle"", ""needle is curved"", ""near its point has its eye, through which the thread passes from a reel above"", ""needle is attached to a swinging lever"", ""shuttle which slides in a small trough passes through the loop of thread that extends from the cloth to the eye of the needle"", ""shuttle thread in the loop"", ""both threads cross in each hole made by the needle, as in the case of the modern lock-stitch machines"", ""several motions for moving the needle, shuttle, and work, as well as for tightening the thread at each stitch, are given by cams on a shaft that is rotated by a hand wheel"", ""cloth being sewn hangs vertically, while the needle, though swinging in a vertical plane, passes through the cloth horizontally"", ""shuttle race is horizontal, the face and point of the shuttle being downwards"", ""shuttle is thrown from end to end of its travel by blocks jerked by levers, in a similar way to that in which a shuttle is thrown in a loom""], ""other"": [""Plate III., No. 3"", ""Inv. 1862-92. 20,524, L.S.""]}","{""object_names"": [], ""makers"": [], ""organisations/institutions"": [], ""dates"": [], ""places"": [""United States""], ""descriptions"": [""exact copy of the original Howe lock stitch sewing machine of 1846"", ""Textiles Machinery""], ""other"": [""lock stitch sewing machine"", ""lock stitch sewing machine"", ""Original 1846""]}"
30,8,8,1,2,1,1,1,0,2,1,0,0,3,2,1,2,"{""object_names"": [], ""makers"": [], ""organisations/institutions"": [""Meteorology Catalogue""], ""dates"": [""1922"", ""1858""], ""places"": [], ""descriptions"": [""much used in dyeing and other operations in which calico pieces have to be stitched together in a way that when the work is completed will not present any difficulty in unpicking"", ""The machine consists of two spur wheels on horizontal shafts arranged vertically over each other and geared together. In the middle of the teeth of each wheel a groove is turned as deep as the teeth, and opposite the point of contact of the wheels is a bracket supporting a stout horizontal needle that reaches into the groove ; on rotating the spur wheels and placing the ends to be joined between the gearing, the teeth crimp or fold the cloth, forcing it forward in this condition and so driving it on to the fixed needle. When the fabric is through, and the needle is removed from the machine and the needle is used to pull through the thread for the stitching.""], ""other"": [""Inv. 1858-18""]}","{""object_names"": [""Chain stitch fixed needle sewing machine""], ""makers"": [], ""organisations/institutions"": [], ""dates"": [], ""places"": [], ""descriptions"": [""chain stitch sewing machine""], ""other"": [""Textiles Machinery"", ""chain stitch""]}"
31,9,14,1,1,1,2,0,1,1,1,0,7,4,2,2,0,"{""object_names"": [""SEWING MACHINE""], ""makers"": [""W. F. Thomas, Esq.""], ""organisations/institutions"": [], ""dates"": [""1858""], ""places"": [], ""descriptions"": [""The special features of this machine were patented by Mr. Thomas in 1855, but in its general arrangement it resembles No. 118."", ""The feeding is done by the presser-foot, but to vary the direction of feed so as to give a curved seam, the foot is carried in a cylindrical guide within which it can be turned."", ""In modern machines this result is generally obtained by turning the work."", ""An independent driving arrangement is added for winding the shuttle bobbins.""], ""other"": [""Inv. 1858-19"", ""20,887, L.S""]}","{""object_names"": [""Lock-Stitch Sewing Machine""], ""makers"": [""Newton Wilson and Co."", ""William Frederick Thomas""], ""organisations/institutions"": [""Science Museum Group Collections Online""], ""dates"": [""1853""], ""places"": [""144 High Holborn, London, England"", ""Holborn, Camden, London, Greater London, England, United Kingdom""], ""descriptions"": [""made to William Frederick Thomas's patent of 1853"", ""Textiles Machinery sewing machine - equipment; sewing machine - equipment""], ""other"": []}"
32,8,10,1,2,1,1,0,1,2,1,0,2,3,1,1,2,"{""object_names"": [""LOCK-STITCH SEWING MACHINE""], ""makers"": [""Florence Sewing Machine Co.""], ""organisations/institutions"": [], ""dates"": [""1867""], ""places"": [], ""descriptions"": [""early form of machine, and has a very low arm carrying the presser-foot, while the needle, which is curved, is carried on a separate rocking arm and, being directly driven by a crank, has not a preliminary upward loop-forming motion. There is the usual toothed feeding surface projecting through the work-plate, and it receives its motion from a crank ; but the direction of feed is immediately reversible, the fulcrum of the feed lever being movable in a slot in the lever, by which arrangement also the rate of feed is varied ; this adjustment is made by a milled head at the side of the table."", ""Presented by the Florence Sewing Machine Co.""], ""other"": [""Inv. 1867-2.""]}","{""object_names"": [""Domestic lock stitch sewing machine""], ""makers"": [], ""organisations/institutions"": [""Florence Sewing Machine Company""], ""dates"": [""1864""], ""places"": [""Florence, Massachusetts, United States""], ""descriptions"": [""Built for treadle drive but without treadle and base.""], ""other"": [""Textiles Machinery"", ""lock stitch sewing machine""]}"
33,26,10,1,1,2,1,1,1,2,1,0,1,18,2,2,3,"{""object_names"": [], ""makers"": [""A. C. Hyde Parker, Esq."", ""Howe Sewing Machine Co.""], ""organisations/institutions"": [""Newton, Wilson & Co.""], ""dates"": [""1904"", ""about 1867""], ""places"": [], ""descriptions"": [""Presented by A. C. Hyde Parker, Esq."", ""Another contributed by Messrs. Newton, Wilson & Co., 1868."", ""The earlier of these machines, shown with its work-table removed, was made by the Howe Sewing Machine Co. about 1867, while the other specimen is a slightly improved copy of it."", ""In each machine the power is transmitted from a treadle wheel below (not shown) by a belt running over a small pulley on a horizontal shaft beneath the work-table, there being no spur gearing."", ""At one end of this driving pulley is an eccentric which actuates a rod connected with an arm capable of being oscillated between centres and provided with an extension piece that serves as a needle-bar ; the needle is, consequently, of the curved variety, and there is no special loop-forming movement."", ""The shuttle is of the cylindrical or disc type introduced by Mr. A. B. Wilson, and is carried in a revolving holder provided with a hook by which the loop in the needle thread is carried round the shuttle, so as to be locked by the lower thread ; there is a brush in contact with the revolving hook, to check the thread while being carried round."", ""The shuttle hook is on the shaft of the driven pulley, and near it the flange of this pulley is so shaped as to form two cams, one of which gives the vertical movements to the feed bar while the other causes the horizontal reciprocations required to complete the motion ; the return portion of the horizontal reciprocation is given by a spring, and there is a cam beneath the table by which the length of stitch can be adjusted."", ""The tail end of the revolving shaft serves as a shuttle-winder, and the shuttle is removable by withdrawing a circular bracket that is retained by a clamping screw."", ""In the latter machine this bracket is carried on a swinging arm fitted with a spring, and the presser-foot is provided with a transparent glass plate.""], ""other"": [""M. 3315"", ""Inv. 1868-10""]}","{""object_names"": [], ""makers"": [""Newton Wilson and Co.""], ""organisations/institutions"": [""Wheeler Wilson""], ""dates"": [""1861-1868""], ""places"": [""High Holborn, London, England""], ""descriptions"": [""Lock-stitch treadle sewing machine of the Wheeler Wilson type"", ""sewing machine - equipment""], ""other"": [""Textiles Machinery""]}"
34,8,9,1,2,1,1,0,1,1,1,0,1,4,3,1,0,"{""object_names"": [""LOCK-STITCH SEWING MACHINE""], ""makers"": [""Messrs. Newton Wilson & Co.""], ""organisations/institutions"": [], ""dates"": [""1868""], ""places"": [], ""descriptions"": [""In this machine the needle-bar moves vertically in a long guide and is driven by a bell-crank that receives its motion from a cam on a horizontal belt-driven shaft below. A similar cam and bell-crank lever, arranged beneath the table, move the shuttle-holder backwards and forwards in a straight horizontal race, while a four-motion feed is given by a toothed lever operated by two small cams on the main shaft.""], ""other"": [""Inv. 1868-11""]}","{""object_names"": [""Warwick lock-stitch treadle sewing machine""], ""makers"": [""Newton Wilson and Co.""], ""organisations/institutions"": [""Warwick""], ""dates"": [""1868""], ""places"": [""High Holborn, London, England""], ""descriptions"": [""treadle"", ""Textiles Machinery sewing machine - equipment; sewing machine - equipment""], ""other"": []}"
35,9,10,1,1,1,1,0,1,1,1,0,1,5,3,1,2,"{""object_names"": [""LOCK-STITCH SEWING MACHINE""], ""makers"": [""Newton Wilson & Co.""], ""organisations/institutions"": [], ""dates"": [""1868""], ""places"": [], ""descriptions"": [""In this machine a hand wheel provided with internal teeth drives two horizontal shafts arranged above and below, each shaft being fitted with a pinion."", ""The upper shaft oscillates the vertical sliding needle-bar by a crank-pin working in a straight transverse groove."", ""The lower shaft extends below the table and terminates in a revolving hook that encloses a circular shuttle; a cam on this shaft gives the usual feed motion."", ""Contributed by""], ""other"": [""Inv. 1868-9""]}","{""object_names"": [""Dorcas lock-stitch domestic sewing machine""], ""makers"": [""Newton Wilson and Co.""], ""organisations/institutions"": [""Science Museum Group""], ""dates"": [""1868""], ""places"": [""High Holborn, London, England""], ""descriptions"": [""sewing machine - equipment"", ""sewing machine - equipment""], ""other"": [""Dorcas"", ""Textiles Machinery""]}"
36,10,11,1,2,1,1,0,0,1,1,0,2,6,3,1,2,"{""object_names"": [""CHAIN-STITCH SEWING MACHINE""], ""makers"": [""Newton Wilson & Co.""], ""organisations/institutions"": [], ""dates"": [""1868""], ""places"": [], ""descriptions"": [""rocking needle-bar"", ""curved needle"", ""driven by a belt on a shaft below the table and almost directly under the needle, so that the complete needle-bar is of a U shape"", ""needle motion is given by a crank-pin working in a straight slot in the needle-bar"", ""looping hook is on the top of a vertical shaft that has a quick-pitched screw upon it, into which engages a nut fixed to the lower end of the needle-bar"", ""Contributed by""], ""other"": [""Inv. 1868-12""]}","{""object_names"": [""Double thread chain-stitch treadle sewing machine, top only""], ""makers"": [""Grover and Baker""], ""organisations/institutions"": [], ""dates"": [""c. 1855"", ""1853-1858""], ""places"": [""Boston, Massachusetts, United States""], ""descriptions"": [""Double thread chain-stitch"", ""treadle sewing machine"", ""From the shape and style of design it was probably made by""], ""other"": [""Textiles Machinery"", ""chain stitch sewing machine; chain stitch sewing machine""]}"
37,8,12,1,2,1,1,0,1,1,1,0,3,4,3,1,1,"{""object_names"": [""CHAIN-STITCH SEWING MACHINE""], ""makers"": [], ""organisations/institutions"": [], ""dates"": [""1868""], ""places"": [], ""descriptions"": [""This is arranged very similarly to the lock-stitch machine, No. 1396."", ""The lower shaft, however, terminates in a revolving hook that retains the loop of the preceding thread till it is engaged by the next one, in the usual manner of single-thread machines."", ""Contributed by Messrs. Newton Wilson & Co.""], ""other"": [""Inv. 1868-8""]}","{""object_names"": [""Domestic Sewing Machine for chain stitich"", ""Cleopatra chain-stitch domestic sewing machine""], ""makers"": [""Newton Wilson and Co.""], ""organisations/institutions"": [""Science Museum Group Collections Online""], ""dates"": [""1867""], ""places"": [""144 High Holborn, London, England"", ""Holborn, London, England"", ""United Kingdom""], ""descriptions"": [""made to an 1867 design"", ""Textiles Machinery sewing machine"", ""sewing machine""], ""other"": [""Newton Wilson and Company""]}"
38,10,12,1,1,1,1,0,1,1,1,1,2,5,4,1,2,"{""object_names"": [""BUTTON-HOLE SEWING MACHINE""], ""makers"": [""Newton Wilson & Co.""], ""organisations/institutions"": [], ""dates"": [""1868""], ""places"": [""America""], ""descriptions"": [""early button-hole machine"", ""Beneath the table is a horizontal belt-driven shaft on which are three cams and a crank"", ""one cam rocks a bell-crank lever that reciprocates the needle-bar in its vertical guides"", ""another oscillates a shorter arm beneath the table and rocks a curved needle"", ""the third cam controls a swinging hook, also beneath the table, which acts as the hook in the chain-stitch machine"", ""The crank works a four motion feed"", ""a helical sleeve encircling the upper needle-bar carries a hook that acts as a looper for the thread of the lower needle"", ""In this way two chain-stitch machines are combined in one, and both sew round the cut button-hole""], ""other"": [""Inv. 1868-13""]}","{""object_names"": [""Sewing machine, head of a treadle, button-hole type""], ""makers"": [""American Button-Hole, Overseaming and Sewing Machine Co.""], ""organisations/institutions"": [""Science Museum Group Collections Online""], ""dates"": [""1868""], ""places"": [""Philadelphia"", ""Pennsylvania, United States""], ""descriptions"": [""head of a treadle"", ""needle and swinging hook both above and below the table"", ""This means that the machine is two chain-stitch machines combined, enabling it to sew around a button-hole"", ""Textiles Machinery sewing machine - equipment; sewing machine - equipment""], ""other"": [""no. 1342""]}"
39,13,10,1,1,1,1,1,1,1,1,0,0,8,3,1,3,"{""object_names"": [""LOCK-STITCH SEWING MACHINE""], ""makers"": [""Messrs. Vickers, Ltd.""], ""organisations/institutions"": [""Meteorology Catalogue""], ""dates"": [""1919""], ""places"": [], ""descriptions"": [""hand-driven machine in which the main spindle is cranked near the flywheel and rocks a vertical rod whose upper end is forked and is given a horizontal rotary motion by means of the cranked portion of the spindle."", ""The lower end operates the shuttle, through a connecting rod and two cranks at right angles, in a circular race."", ""Sewing may be reversed and the length of stitch altered by means of a lever passing through a vertical slot near the flywheel."", ""The inner end of the reversing lever carries a slide in which a stud, on the eccentric rod of the feeding arrangement, moves to and fro; the inclination of the slide being altered so that when the screw at the outer end of the reversing lever is at the bottom of the vertical slot the feeding plate under the needle is raised when it is moving away from the operator and the maximum length of forward stitch is then made."", ""When the screw is at the top of the slot the feeding plate is raised when it is moving towards the operator and the work is reversed."", ""Intermediate positions of the screw give shorter stitches."", ""Attachments for tucking, hemming, cording, braiding, and quilting are provided.""], ""other"": [""Inv. 1919-418""]}","{""object_names"": [""Vibrating shuttle lock stitch hand sewing machine Vickers vibrating shuttle lock stitch hand sewing machine""], ""makers"": [""Vickers Engineering Company""], ""organisations/institutions"": [""Science Museum Group Collections Online""], ""dates"": [""1919""], ""places"": [], ""descriptions"": [""with fitted case and key"", ""Textiles Machinery lock stitch sewing machine""], ""other"": [""lock stitch sewing machine 1919"", ""Vickers Engineering Company""]}"
40,15,9,1,1,2,1,0,1,2,1,0,0,9,3,1,2,"{""object_names"": [], ""makers"": [""J. Lewis, Esq.""], ""organisations/institutions"": [], ""dates"": [""1860""], ""places"": [], ""descriptions"": [""machine, patented by Mr. W. H. Zahn in 1855, is for wrapping the strands of a cotton cord with silk, and then laying the strands together into a finished ornamental cord of possibly four differently coloured strands"", ""machine is arranged vertically, with four bobbin frames projecting from a face plate, beneath which is a lantern ring that gears with a spur-wheel attached to each of the frames"", ""Each frame carries two bobbins, a large vertical one holding the core material and a small horizontal one supplying the covering silk, which is in the form of sliver"", ""Above the bobbin frames is a disc, that steadies them and also carries guide sheaves leading to the lay-top"", ""above all is a return sheave round which the finished cord passes down to the winding-off rollers, which deliver it to a large reeling bobbin"", ""If the cord is merely to be covered without stranding it together, the lantern ring is alone driven, so rotating the bobbin frames and winding the silk round the core, as delivered, the twisting so introduced not being objectionable"", ""If the four cords so covered are required to be stranded together, the lantern ring is held stationary and the upper disc driven, so that, in addition to the covering action, the four cords are closed together into a rope""], ""other"": [""Inv. 1860-11""]}","{""object_names"": [], ""makers"": [], ""organisations/institutions"": [""Science Museum Group""], ""dates"": [""1855-1860""], ""places"": [], ""descriptions"": [""Machine for making covered or plaited twist""], ""other"": [""Textiles Machinery"", ""cord covering machine""]}"
